id;location_address_line_one;location_address_line_two;land_mark;postal_code_id;city_id;state_id
1;models CFP Franc Human;Quality;Frozen hacking Home Loan Account;1;1;1
2;synthesizing;navigating Solutions;Handcrafted Concrete Chicken Architect South Dakota;2;2;2
3;Customer supply-chains Corporate;Mandatory Berkshire;Buckinghamshire;3;3;3
4;methodical;Producer;Chair;4;4;4
5;bypass Developer;Awesome Wooden Table;invoice;5;5;5
6;indexing Ports;China South Georgia and the South Sandwich Islands North Dakota;bypassing;6;6;6
7;capacitor;circuit hacking;interactive;7;7;7
8;navigate Skyway orchid;Leone Toys Home;Aruban Guilder;8;8;8
9;reboot National National;Soap Orchestrator;program Shoes optical;9;9;9
10;Rustic Cotton Shoes systemic alarm;Cayman Islands Dollar;Bacon withdrawal;10;10;10
