id;name;service_image;service_image_content_type;firm_id
1;encryption Sharable connecting;../fake-data/blob/hipster.png;image/png;1
2;Garden Books;../fake-data/blob/hipster.png;image/png;2
3;Tuna;../fake-data/blob/hipster.png;image/png;3
4;real-time programming Garden;../fake-data/blob/hipster.png;image/png;4
5;Liaison;../fake-data/blob/hipster.png;image/png;5
6;array;../fake-data/blob/hipster.png;image/png;6
7;New Hampshire networks Steel;../fake-data/blob/hipster.png;image/png;7
8;compelling Plaza;../fake-data/blob/hipster.png;image/png;8
9;Chicken reciprocal Hat;../fake-data/blob/hipster.png;image/png;9
10;circuit demand-driven;../fake-data/blob/hipster.png;image/png;10
